Sbma,Tb,X_sections
9.515940e-01,6.286630e+00,0.0203084372
