Sbma,Tb,X_sections
9.826280e-01,9.518530e+00,0.02160353
