Sbma,Tb,X_sections
0.9764879999999999,9.48778,0.0213664137
0.9878469999999999,9.68174,0.0218359691
0.951594,6.286630000000001,0.0203084372
0.9826280000000001,9.51853,0.02160353
0.9544590000000001,6.25073,0.0204341075
