Sbma,Tb,X_sections
9.878470e-01,9.681740e+00,0.0218359691
