Z7,mH,mA,mHc,sinba,cba,m12,tb,Z4,Z5,l1,l2,l3,l4,l5,l6,l7,alpha,beta,kappa1tt,kappa1bb
0.6579,842.456,787.502,734.166,0.998184,0.0602366,23863.4,29.7175,4.11342,1.43596,1.16074,0.253271,15.1393,4.15877,1.48131,6.66E-16,-6.52E-16,0.0266376870758289,1.53715881318262,,
0.633081,917.791,778.309,745.478,0.99823,0.0594775,28324.4,29.7062,5.50444,3.85407,5.50233,0.251785,14.923,5.55306,3.90269,-1.55E-15,2.06E-15,0.0258563791623339,1.53714602739767,,
0.454686,910.61,761.191,770.777,0.998767,0.0496435263755515,27978.7,29.6139,3.60289,4.08736,6.48922,0.246197,12.2415,3.64075,4.12522,1.28E-15,-1.88E-15,0.0159088394946227,1.53704122635631,1.00044335895223,-0.471371425732944
0.441023,830.547,789.446,725.887,0.998207,0.0598563710142879,23467.9,29.3541000000001,4.2358,1.05847,6.81722,0.252636,14.4462,4.2735,1.09617,1.05E-15,-1.72E-15,0.0258385490246851,1.53674270497059,1.00024611450238,-0.758822900390512
,640.542,995.81,1001.27,0.999908,0.013564347975482,,9.79463,,,,,,,,,,-0.0881794558306113,1.46905210700016,1.00129287599588,0.867050230388904
