Z7,mH,mA,mHc,sinba,cba,m12,tb,Z4,Z5,l1,l2,l3,l4,l5,l6,l7,alpha,beta,kappa1tt,kappa1bb
,640.542,995.81,1001.27,0.999908,0.013564347975482,,9.79463,,,,,,,,,,-0.0881794558306113,1.46905210700016,1.00129287599588,0.867050230388904
