mH,mA,mHc,sinba,m12,tb,alpha,beta,Z4,Z5,l1,l2,l3,l4,l5,l6,l7,g_HpHmh,Gamma_h,Gamma_H,Gamma_Hc,Gamma_A,br_h_bb,br_h_tautau,br_h_gg,br_h_WW,br_h_ZZ,br_h_gaga,br_A_tt,br_A_bb,br_A_gg,br_A_mumu,br_A_tautau,br_A_Zga,br_A_Zh,br_A_ZH,br_A_gaga,br_H_tt,br_H_bb,br_H_gg,br_H_mumu,br_H_tautau,br_H_Zga,br_H_Zh,br_H_WW,br_H_ZZ,br_H_ZA,br_H_hh,br_H_AA,br_H_gaga,br_Hp_tb,br_Hp_taunu,br_Hp_Wh,br_Hp_WH,br_Hp_WA,sta,uni,per_4pi,per_8pi,S,T,U,V,W,X,delta_rho,delta_amu,tot_hbobs,sens_ch,chi2_HS,chi2_ST_hepfit,chi2_ST_gfitter,chi2_Tot_hepfit,chi2_Tot_gfitter,k_huu,k_hdd,likelihood,stay_count
615.097,373.66,611.368,0.9826280000000001,39472.4,9.518529999999991,,,-3.9929099999999997,3.7316599999999998,0.291273,0.232377,10.7648,-3.76175,3.9628099999999997,1.3300000000000001e-15,-1.08e-15,2598.09,0.00310838,19.3892,18.4802,1.06942,0.486004,0.0511946,0.124431,0.26219000000000003,0.032878199999999996,0.00259778,0.1223,0.515655,0.000647189,0.000231954,0.0656143,4.03e-07,0.29534699999999997,0,1.87e-06,0.00753824,0.043204,2.68e-05,0.00598257,0.00598257,1.06e-06,0,0.120082,0.058212,0.748696,0.0,0.0162192,1.51e-07,0.054809800000000006,0.00621257,0.115824,0.0,0.8230120000000001,1,1,1,1,-0.00753241,0.044180000000000004,0.00025048700000000003,9.19e-05,2.22e-05,-1.58e-05,0.00034533400000000004,1.93e-11,0.991768,797,82.1745,1.82712,0.639442,84.0016,82.8139,1.00213,-0.783899,0.726351660919747,0
