mH,mA,mHc,sinba,m12,tb,alpha,beta,Z4,Z5,l1,l2,l3,l4,l5,l6,l7,g_HpHmh,Gamma_h,Gamma_H,Gamma_Hc,Gamma_A,br_h_bb,br_h_tautau,br_h_gg,br_h_WW,br_h_ZZ,br_h_gaga,br_A_tt,br_A_bb,br_A_gg,br_A_mumu,br_A_tautau,br_A_Zga,br_A_Zh,br_A_ZH,br_A_gaga,br_H_tt,br_H_bb,br_H_gg,br_H_mumu,br_H_tautau,br_H_Zga,br_H_Zh,br_H_WW,br_H_ZZ,br_H_ZA,br_H_hh,br_H_AA,br_H_gaga,br_Hp_tb,br_Hp_taunu,br_Hp_Wh,br_Hp_WH,br_Hp_WA,sta,uni,per_4pi,per_8pi,S,T,U,V,W,X,delta_rho,delta_amu,tot_hbobs,sens_ch,chi2_HS,chi2_ST_hepfit,chi2_ST_gfitter,chi2_Tot_hepfit,chi2_Tot_gfitter,k_huu,k_hdd,likelihood,stay_count
611.27,333.728,591.993,0.9764879999999999,38829.9,9.48778,,,-3.83545,4.051819999999999,1.12278,0.267656,11.7238,-3.57997,4.3073,2.22e-16,-1.87e-16,2818.56,0.00455091,28.0311,22.0142,0.8094640000000001,0.618931,0.0650018,0.0874828,0.176852,0.0221769,0.00171493,0.00107069,0.6167229999999999,0.000201367,0.000271931,0.076922,1.53e-07,0.304568,0,9.070000000000001e-07,0.00963421,0.0293661,2.8999999999999997e-05,0.00406215,0.00406215,9.54e-07,0,0.10984200000000001,0.0532284,0.732537,0.0,0.061273400000000006,1.08e-07,0.04425,0.0050174,0.117528,0.0,0.833089,1,1,1,1,-0.00707435,0.00210274,0.000180525,0.000160017,6.21e-05,-1.6899999999999997e-05,1.64e-05,2.3899999999999996e-11,1.3509200000000001,797,71.7739,2.8831700000000002,3.57395,74.657,75.3478,0.999209,-1.06879,0.16746598884607802,0
600.0,483.222,612.898,0.9878469999999999,36904.6,9.68174,,,-2.73985,1.94933,2.6993099999999997,0.213513,9.38407,-2.58427,2.10491,-5.549999999999999e-16,6.94e-16,2268.26,0.00216009,3.9900800000000003,4.62715,1.66767,0.302433,0.0320433,0.174033,0.381312,0.0478158,0.00384824,0.13864500000000002,0.42327600000000004,0.000649147,0.00019900900000000002,0.056296000000000006,3.97e-07,0.380768,0,1.48e-06,0.014637700000000002,0.213482,7.82e-05,0.029442700000000002,0.029442700000000002,3.76e-06,0,0.377869,0.18290499999999998,0.18138900000000002,0.0,5.64e-06,6.490000000000001e-07,0.22277399999999997,0.025734500000000004,0.327229,9.73e-08,0.423684,1,1,1,1,-0.00431021,0.0493829,0.000144324,4.18e-05,-9.58e-06,-1.58e-05,0.00038600300000000005,1.34e-11,1.31646,296,212.56,1.74872,0.541469,214.308,213.101,1.0039,-0.516993,0.7628189979657539,0
