mH,mA,mHc,sinba,m12,tb,alpha,beta,Z4,Z5,l1,l2,l3,l4,l5,l6,l7,g_HpHmh,Gamma_h,Gamma_H,Gamma_Hc,Gamma_A,br_h_bb,br_h_tautau,br_h_gg,br_h_WW,br_h_ZZ,br_h_gaga,br_A_tt,br_A_bb,br_A_gg,br_A_mumu,br_A_tautau,br_A_Zga,br_A_Zh,br_A_ZH,br_A_gaga,br_H_tt,br_H_bb,br_H_gg,br_H_mumu,br_H_tautau,br_H_Zga,br_H_Zh,br_H_WW,br_H_ZZ,br_H_ZA,br_H_hh,br_H_AA,br_H_gaga,br_Hp_tb,br_Hp_taunu,br_Hp_Wh,br_Hp_WH,br_Hp_WA,sta,uni,per_4pi,per_8pi,S,T,U,V,W,X,delta_rho,delta_amu,tot_hbobs,sens_ch,chi2_HS,chi2_ST_hepfit,chi2_ST_gfitter,chi2_Tot_hepfit,chi2_Tot_gfitter,k_huu,k_hdd,likelihood,stay_count
600.0,291.468,572.322,0.9544590000000001,56400.8,6.25073,,,-3.972,4.0313,0.21890700000000002,0.23256300000000002,10.0245,-3.4405300000000003,4.5627699999999995,-8.88e-16,1.1199999999999999e-15,2349.88,0.00364752,35.7114,27.0766,0.43145,0.559495,0.0588447,0.107678,0.21080900000000002,0.0264351,0.00203666,6.96e-05,0.449539,0.00041239999999999994,0.00019340099999999997,0.0547071,3.12e-07,0.494889,0,1.72e-06,0.012167200000000001,0.00991015,3.12e-05,0.00136655,0.00136655,1.48e-06,0,0.155552,0.0752935,0.6920569999999999,0.00808072,0.0455309,1.8600000000000002e-07,0.0339492,0.00171175,0.162909,0.0,0.801358,1,1,1,1,-0.00522055,0.0488199,0.0006988710000000001,0.00042588300000000006,0.000228282,-1.8100000000000003e-05,0.000381602,2.27e-11,0.903617,371,65.8429,1.78004,0.5550510000000001,67.623,66.398,1.00219,-0.910402,0.757656244122414,0
600.0,316.185,580.641,0.951594,55328.6,6.286630000000001,,,-4.07169,3.75254,2.67193,0.254008,10.8128,-3.5906599999999997,4.23358,-2.22e-16,3.61e-16,2518.07,0.00400729,32.1352,25.0033,0.6103149999999999,0.5913069999999999,0.06214680000000001,0.0985297,0.19073299999999999,0.0239175,0.00183114,0.000546885,0.343618,0.000506231,0.000150023,0.042437199999999994,4.11e-07,0.612596,0,2.08e-06,0.015509799999999999,0.011102200000000001,3.9500000000000005e-05,0.0015309000000000002,0.0015309000000000002,1.73e-06,0,0.18346700000000002,0.0888058,0.629691,0.0,0.0698415,2e-07,0.037242800000000006,0.0019023,0.19681300000000002,0.0,0.7639630000000001,1,1,1,1,-0.00432769,0.0918371,0.0008024239999999999,0.000477429,0.00025873,-1.76e-05,0.000717847,2.25e-11,0.47868,155,68.0966,3.687,2.16855,71.7836,70.2652,1.00048,-0.9806530000000001,0.338146853515765,0
