"mH","mA","mHc","sinba","m12","tb","alpha","beta","Z4","Z5","l1","l2","l3","l4","l5","l6","l7","g_HpHmh","Gamma_h","Gamma_H","Gamma_Hc","Gamma_A","br_h_bb","br_h_tautau","br_h_gg","br_h_WW","br_h_ZZ","br_h_gaga","br_A_tt","br_A_bb","br_A_gg","br_A_mumu","br_A_tautau","br_A_Zga","br_A_Zh","br_A_ZH","br_A_gaga","br_H_tt","br_H_bb","br_H_gg","br_H_mumu","br_H_tautau","br_H_Zga","br_H_Zh","br_H_WW","br_H_ZZ","br_H_ZA","br_H_hh","br_H_AA","br_H_gaga","br_Hp_tb","br_Hp_taunu","br_Hp_Wh","br_Hp_WH","br_Hp_WA","sta","uni","per_4pi","per_8pi","S","T","U","V","W","X","delta_rho","delta_amu","tot_hbobs","sens_ch","chi2_HS","chi2_ST_hepfit","chi2_ST_gfitter","chi2_Tot_hepfit","chi2_Tot_gfitter","k_huu","k_hdd","likelihood","stay_count"
600,316.185,580.641,0.951594,55328.6,6.28663,,,-4.07169,3.75254,2.67193,0.254008,10.8128,-3.59066,4.23358,-2.22E-16,3.61E-16,2518.07,0.00400729,32.1352,25.0033,0.610315,0.591307,0.0621468,0.0985297,0.190733,0.0239175,0.00183114,0.000546885,0.343618,0.000506231,0.000150023,0.0424372,4.11E-07,0.612596,0,2.08E-06,0.0155098,0.0111022,3.95E-05,0.0015309,0.0015309,1.73E-06,0,0.183467,0.0888058,0.629691,0,0.0698415,2.00E-07,0.0372428,0.0019023,0.196813,0,0.763963,1,1,1,1,-0.00432769,0.0918371,0.000802424,0.000477429,0.00025873,-1.76E-05,0.000717847,2.25E-11,0.47868,155,68.0966,3.687,2.16855,71.7836,70.2652,1.00048,-0.980653,0.338146853515765,0
615.097,373.66,611.368,0.982628,39472.4,9.51852999999999,,,-3.99291,3.73166,0.291273,0.232377,10.7648,-3.76175,3.96281,1.33E-15,-1.08E-15,2598.09,0.00310838,19.3892,18.4802,1.06942,0.486004,0.0511946,0.124431,0.26219,0.0328782,0.00259778,0.1223,0.515655,0.000647189,0.000231954,0.0656143,4.03E-07,0.295347,0,1.87E-06,0.00753824,0.043204,2.68E-05,0.00598257,0.00598257,1.06E-06,0,0.120082,0.058212,0.748696,0,0.0162192,1.51E-07,0.0548098,0.00621257,0.115824,0,0.823012,1,1,1,1,-0.00753241,0.04418,0.000250487,9.19E-05,2.22E-05,-1.58E-05,0.000345334,1.93E-11,0.991768,797,82.1745,1.82712,0.639442,84.0016,82.8139,1.00213,-0.783899,0.726351660919747,0
