Sbma,Tb,X_sections
9.544590e-01,6.250730e+00,0.0204341075
