Sbma,Tb,X_sections
0.951594,6.286630000000001,0.0203084372
0.9826280000000001,9.51853,0.02160353
